{"nodes":[{"pos":[-289.1094,346.47452],"connected":[1]},{"pos":[-375.9607,1109.5925],"connected":[0]},{"pos":[-248.83128,1144.4224],"connected":[3]},{"pos":[-174.54498,371.66547],"connected":[2]}]}